metadata	feature	value	coef	stderr	N	N.not.0	pval	qval
survival	X59374	Survived	3.46615652179074	0.336006502916564	25	5	4.84982759346088e-05	0.0210967500315548
